harsh@gmail,$2y$10$KXkfnUZVSqjkiRmlNo5Or.tuYhuaqjDqz6VPOUtFyebguuqdWdjOe,off,20:38
arvind@gmail,$2y$10$H.tU4DIJFLASdtMsMjiTMebT4pNlo7IHVnNCTP/2xfA67wFC0BRCG,off,13:6
admin@sahar,$2y$10$0JS1GUhIhRcQos8jHwHqWeilj6xfJLgk7wRbt70WAHQ4LmN.1pl1.,on,01:14
samid@gmail,$2y$10$AyYnd2FbNn44Z6bV5JZDKOXgBe7xp/P/qIva81ECjlL6XVzDGVtc2,off
arvind@gmail,$2y$10$S7WRTqmnpe/8Y5b876Mk1Okfq2xrHEIBgg6CUtBHA2zUFSL/Xeilq,off,13:6
annieleonhart@gmail,$2y$10$prQw08TMemwnLgfOOpAr8.DAuK58HZQc8nlDlrvxGj5M8xOx2Zy4q,off,20:42
samid@gmail,$2y$10$7ZFLlNrMJDchnbziQDsSneKyRxVeAuBnwOv2vvj9kQrMyjUm2bkMa,off
